sid,scen,rank,rr,in_cands,n_cand,lib_max,secs
6,c1,1,1.0,True,29,0.7602072954177856,25.309700965881348
6,c2,1,1.0,True,29,0.22773481905460358,2.524738311767578
6,c3,0,0.0,False,28,0.22773481905460358,2.3164496421813965
11,c1,1,1.0,True,48,0.9091475605964661,3.3954076766967773
11,c2,1,1.0,True,36,0.42298346757888794,2.9908852577209473
11,c3,0,0.0,False,35,0.42298346757888794,2.816530704498291
12,c1,1,1.0,True,38,0.8781067132949829,2.1652157306671143
12,c2,1,1.0,True,38,0.5176554918289185,2.0470597743988037
12,c3,0,0.0,False,37,0.5176554918289185,2.0607545375823975
29,c1,1,1.0,True,91,0.8489256501197815,3.6333675384521484
29,c2,1,1.0,True,32,5.28079938108615e-16,1.0658230781555176
29,c3,1,1.0,True,32,5.28079938108615e-16,1.082367181777954
38,c1,1,1.0,True,306,0.8942194581031799,9.115590333938599
38,c2,1,1.0,True,324,0.8582899570465088,7.357233285903931
38,c3,1,1.0,True,324,0.8582899570465088,7.129885911941528
48,c1,1,1.0,True,229,0.9305359125137329,6.869429349899292
48,c2,1,1.0,True,227,0.774796724319458,5.436455488204956
48,c3,1,1.0,True,227,0.774796724319458,5.168718338012695
55,c1,1,1.0,True,99,0.811349093914032,5.761283874511719
55,c2,1,1.0,True,72,0.3329300582408905,4.310720920562744
55,c3,5,0.2,True,72,0.3329300582408905,4.333700895309448
58,c1,1,1.0,True,29,0.8397125005722046,1.6894264221191406
58,c2,1,1.0,True,29,0.6141676306724548,1.6804125308990479
58,c3,0,0.0,False,28,0.6141676306724548,1.6857032775878906
67,c1,1,1.0,True,22,0.8746968507766724,2.6519744396209717
67,c2,1,1.0,True,22,0.43057164549827576,2.7615301609039307
67,c3,0,0.0,False,21,0.43057164549827576,2.655432939529419
77,c1,1,1.0,True,202,0.9254981875419617,3.0683794021606445
77,c2,1,1.0,True,181,0.5334689021110535,2.7089686393737793
77,c3,1,1.0,True,181,0.5334689021110535,2.6491432189941406
90,c1,1,1.0,True,51,0.5688493847846985,2.7577664852142334
90,c2,1,1.0,True,24,0.037098485976457596,1.8524231910705566
90,c3,1,1.0,True,24,0.037098485976457596,1.8892121315002441
115,c1,1,1.0,True,98,0.9496204853057861,5.411035776138306
115,c2,1,1.0,True,38,0.3158138394355774,0.9380853176116943
115,c3,0,0.0,False,37,0.3158138394355774,0.9617626667022705
139,c1,1,1.0,True,69,0.8598203659057617,3.1227402687072754
139,c2,1,1.0,True,69,0.7869099378585815,2.9463436603546143
139,c3,0,0.0,False,68,0.7869099378585815,2.9696476459503174
151,c1,1,1.0,True,74,0.7836679816246033,0.9466845989227295
151,c2,1,1.0,True,39,0.3572475016117096,0.5337154865264893
151,c3,1,1.0,True,39,0.3572475016117096,0.5562403202056885
157,c1,1,1.0,True,256,0.9157926440238953,4.170396089553833
157,c2,1,1.0,True,227,0.9007717967033386,3.360410451889038
157,c3,0,0.0,False,226,0.9007717967033386,3.2551047801971436
211,c1,1,1.0,True,37,0.9238357543945312,2.077904462814331
211,c2,1,1.0,True,29,0.3552180826663971,1.7685647010803223
211,c3,0,0.0,False,28,0.3552180826663971,1.7562694549560547
230,c1,1,1.0,True,21,0.6368531584739685,3.171398878097534
230,c2,1,1.0,True,21,0.0,2.989344358444214
230,c3,0,0.0,False,20,0.0,2.9085705280303955
244,c1,1,1.0,True,30,0.8441043496131897,1.997560739517212
244,c2,1,1.0,True,30,0.4046315848827362,1.9530868530273438
244,c3,0,0.0,False,29,0.4046315848827362,1.9736900329589844
247,c1,1,1.0,True,56,0.8243044018745422,2.6610405445098877
247,c2,1,1.0,True,41,0.6559551954269409,2.3492839336395264
247,c3,0,0.0,False,40,0.6559551954269409,2.385254144668579
259,c1,1,1.0,True,171,0.8283727169036865,3.516232490539551
259,c2,1,1.0,True,133,0.561018168926239,2.5738749504089355
259,c3,0,0.0,False,132,0.561018168926239,2.605178117752075
262,c1,1,1.0,True,7,0.9676305055618286,0.8885114192962646
262,c2,1,1.0,True,6,0.0,0.8908319473266602
262,c3,1,1.0,True,6,0.0,0.8599562644958496
290,c1,1,1.0,True,51,0.8802804350852966,1.6835591793060303
290,c2,1,1.0,True,51,0.7495352625846863,1.6862778663635254
290,c3,1,1.0,True,51,0.7495352625846863,1.6833045482635498
297,c1,1,1.0,True,116,0.9191272258758545,4.7396299839019775
297,c2,1,1.0,True,116,0.9061031341552734,4.416263580322266
297,c3,1,1.0,True,116,0.9061031341552734,4.366258144378662
314,c1,1,1.0,True,368,0.8870839476585388,2.2421963214874268
314,c2,1,1.0,True,368,0.8596770763397217,1.6835887432098389
314,c3,0,0.0,False,367,0.8596770763397217,1.6142361164093018
315,c1,1,1.0,True,27,0.8317084312438965,1.4969360828399658
315,c2,1,1.0,True,27,0.6717285513877869,1.492602825164795
315,c3,0,0.0,False,26,0.6717285513877869,1.4906771183013916
318,c1,1,1.0,True,12,0.8265186548233032,1.9010224342346191
318,c2,1,1.0,True,12,0.352546364068985,1.9952278137207031
318,c3,0,0.0,False,11,0.352546364068985,1.8649520874023438
412,c1,1,1.0,True,245,0.7565291523933411,5.292072772979736
412,c2,1,1.0,True,200,0.39874154329299927,3.827914237976074
412,c3,0,0.0,False,199,0.39874154329299927,3.7696332931518555
415,c1,1,1.0,True,149,0.8935050368309021,3.032212495803833
415,c2,1,1.0,True,149,0.883891224861145,3.029815435409546
415,c3,1,1.0,True,149,0.883891224861145,2.9304909706115723
437,c1,1,1.0,True,34,0.8352031707763672,0.6526246070861816
437,c2,1,1.0,True,19,0.0,0.6013386249542236
437,c3,1,1.0,True,19,0.0,0.546771764755249
452,c1,1,1.0,True,116,0.8689570426940918,1.8099982738494873
452,c2,1,1.0,True,113,0.48038944602012634,1.8131556510925293
452,c3,0,0.0,False,112,0.48038944602012634,1.6983962059020996
461,c1,1,1.0,True,18,0.8930260539054871,1.4697766304016113
461,c2,1,1.0,True,18,0.22835400700569153,1.457958698272705
461,c3,1,1.0,True,18,0.22835400700569153,1.4732146263122559
470,c1,1,1.0,True,22,0.8247302770614624,1.05417799949646
470,c2,1,1.0,True,22,0.7866156101226807,1.021880865097046
470,c3,0,0.0,False,21,0.7866156101226807,1.0275349617004395
492,c1,1,1.0,True,7,0.8487246632575989,1.1189210414886475
492,c2,1,1.0,True,7,0.5991749167442322,1.042224407196045
492,c3,0,0.0,False,6,0.5991749167442322,1.0480318069458008
502,c1,1,1.0,True,179,0.9187040328979492,6.864997148513794
502,c2,1,1.0,True,173,0.8860650062561035,5.193490266799927
502,c3,1,1.0,True,173,0.8860650062561035,5.269920587539673
512,c1,1,1.0,True,144,0.7515428066253662,3.687769651412964
512,c2,1,1.0,True,140,0.7515428066253662,2.9698760509490967
512,c3,1,1.0,True,140,0.7515428066253662,2.9857473373413086
523,c1,1,1.0,True,89,0.9105091691017151,4.09524393081665
523,c2,1,1.0,True,30,0.4408334195613861,2.6523590087890625
523,c3,0,0.0,False,29,0.4408334195613861,2.644613742828369
524,c1,1,1.0,True,90,0.9474295377731323,2.9330434799194336
524,c2,1,1.0,True,72,0.4743454158306122,2.3797531127929688
524,c3,0,0.0,False,71,0.4743454158306122,2.4188785552978516
540,c1,1,1.0,True,165,0.8487437963485718,5.013474464416504
540,c2,1,1.0,True,107,0.831195056438446,3.0407238006591797
540,c3,0,0.0,False,106,0.831195056438446,3.0429317951202393
545,c1,1,1.0,True,128,0.8081342577934265,3.8155202865600586
545,c2,1,1.0,True,68,0.7620751857757568,2.6702489852905273
545,c3,0,0.0,False,67,0.7620751857757568,2.691831111907959
572,c1,1,1.0,True,101,0.8223159909248352,2.5447778701782227
572,c2,1,1.0,True,101,0.4287985861301422,2.544898271560669
572,c3,0,0.0,False,100,0.4287985861301422,2.481229543685913
631,c1,3,0.3333333333333333,True,254,0.9251062870025635,10.53651738166809
631,c2,1,1.0,True,254,0.9251062870025635,9.11662220954895
631,c3,5,0.2,True,253,0.9251062870025635,9.220686435699463
633,c1,1,1.0,True,171,0.8987340331077576,16.757062673568726
633,c2,1,1.0,True,171,0.0,14.274001836776733
633,c3,1,1.0,True,170,0.0,13.10087513923645
651,c1,1,1.0,True,63,0.9320840835571289,3.356926441192627
651,c2,1,1.0,True,33,0.7918673157691956,2.560807466506958
651,c3,0,0.0,False,32,0.7918673157691956,2.549053192138672
654,c1,1,1.0,True,343,0.8885579109191895,2.4640390872955322
654,c2,1,1.0,True,335,0.8199796080589294,2.0219242572784424
654,c3,0,0.0,False,334,0.8199796080589294,1.9583287239074707
670,c1,1,1.0,True,63,0.7432798743247986,3.9251391887664795
670,c2,1,1.0,True,3,0.0,0.38735246658325195
670,c3,0,0.0,False,2,0.0,0.38201069831848145
704,c1,1,1.0,True,233,0.9131083488464355,3.2373979091644287
704,c2,1,1.0,True,233,0.4872954189777374,3.0965540409088135
704,c3,0,0.0,False,232,0.4872954189777374,3.0938735008239746
715,c1,1,1.0,True,55,0.842180609703064,1.7489144802093506
715,c2,1,1.0,True,53,0.672095775604248,1.7641193866729736
715,c3,1,1.0,True,53,0.672095775604248,1.7043406963348389
744,c1,1,1.0,True,84,0.8762337565422058,2.9843859672546387
744,c2,1,1.0,True,28,0.17346838116645813,1.2905490398406982
744,c3,0,0.0,False,27,0.17346838116645813,1.3105268478393555
768,c1,1,1.0,True,71,0.8953889608383179,2.238646984100342
768,c2,1,1.0,True,71,0.7175240516662598,2.212393283843994
768,c3,0,0.0,False,70,0.7175240516662598,2.1632275581359863
769,c1,1,1.0,True,116,0.8129187226295471,3.954946517944336
769,c2,1,1.0,True,105,0.544892430305481,2.9770092964172363
769,c3,0,0.0,False,104,0.544892430305481,2.960695743560791
784,c1,1,1.0,True,309,0.8467307686805725,64.82589530944824
784,c2,1,1.0,True,309,0.8169532418251038,63.14603281021118
784,c3,1,1.0,True,308,0.8169532418251038,63.60232973098755
785,c1,1,1.0,True,69,0.6565775275230408,15.055858850479126
785,c2,1,1.0,True,69,0.5556586980819702,14.830996990203857
785,c3,1,1.0,True,69,0.5556586980819702,14.931605577468872
803,c1,1,1.0,True,112,0.9223465919494629,2.904184103012085
803,c2,1,1.0,True,82,0.5738817453384399,2.227515935897827
803,c3,0,0.0,False,81,0.5738817453384399,2.240198850631714
825,c1,1,1.0,True,33,0.9633650183677673,3.076582193374634
825,c2,1,1.0,True,33,0.8919774293899536,2.8556368350982666
825,c3,1,1.0,True,33,0.8919774293899536,2.905360460281372
843,c1,1,1.0,True,118,0.8771302700042725,2.9930567741394043
843,c2,1,1.0,True,116,0.3803196847438812,2.875063180923462
843,c3,0,0.0,False,115,0.3803196847438812,2.8021862506866455
935,c1,1,1.0,True,138,0.3024337887763977,0.8875179290771484
935,c2,1,1.0,True,138,0.3024337887763977,0.8256525993347168
935,c3,0,0.0,False,137,0.3024337887763977,0.8581497669219971
946,c1,4,0.25,True,157,0.6495782732963562,11.349529504776001
946,c2,1,1.0,True,100,0.6495782732963562,6.614119291305542
946,c3,6,0.16666666666666666,True,100,0.6495782732963562,6.58627462387085
947,c1,1,1.0,True,290,0.7236733436584473,4.611687183380127
947,c2,1,1.0,True,290,0.6201281547546387,4.082548141479492
947,c3,0,0.0,False,289,0.6201281547546387,3.9879961013793945
949,c1,1,1.0,True,307,0.8521832823753357,4.910900354385376
949,c2,1,1.0,True,272,0.6826605796813965,3.641845941543579
949,c3,1,1.0,True,272,0.6826605796813965,3.5888452529907227
1014,c1,1,1.0,True,14,0.878984808921814,1.9181864261627197
1014,c2,1,1.0,True,10,0.34507739543914795,1.958594799041748
1014,c3,0,0.0,False,9,0.34507739543914795,1.8900620937347412
1018,c1,1,1.0,True,160,0.6427751779556274,2.17464017868042
1018,c2,1,1.0,True,160,0.3185882568359375,2.1823151111602783
1018,c3,0,0.0,False,159,0.3185882568359375,2.174863338470459
1107,c1,1,1.0,True,18,0.8175556659698486,1.170231819152832
1107,c2,1,1.0,True,16,0.4912991225719452,1.0535006523132324
1107,c3,0,0.0,False,15,0.4912991225719452,1.062549114227295
1113,c1,1,1.0,True,66,0.9177869558334351,2.5490527153015137
1113,c2,1,1.0,True,13,0.0025634190533310175,1.4591951370239258
1113,c3,0,0.0,False,12,0.0025634190533310175,1.4013361930847168
1130,c1,1,1.0,True,63,0.9162205457687378,3.909548759460449
1130,c2,1,1.0,True,51,0.2941741347312927,2.6458029747009277
1130,c3,0,0.0,False,50,0.2941741347312927,2.616581439971924
1144,c1,1,1.0,True,44,0.9314297437667847,1.8646869659423828
1144,c2,1,1.0,True,36,0.5567402839660645,1.8002147674560547
1144,c3,1,1.0,True,36,0.5567402839660645,1.706038236618042
1146,c1,1,1.0,True,195,0.9365362524986267,2.92944073677063
1146,c2,1,1.0,True,174,0.6162521243095398,2.374601125717163
1146,c3,0,0.0,False,173,0.6162521243095398,2.4587016105651855
1151,c1,1,1.0,True,382,0.8687693476676941,6.793804883956909
1151,c2,1,1.0,True,331,0.670978844165802,2.7627408504486084
1151,c3,0,0.0,False,330,0.670978844165802,2.755708694458008
1156,c1,1,1.0,True,337,0.8198720812797546,14.11365795135498
1156,c2,1,1.0,True,337,0.8070425391197205,13.943157434463501
1156,c3,1,1.0,True,337,0.8070425391197205,13.82239317893982
1174,c1,1,1.0,True,300,0.9139460325241089,2.478052854537964
1174,c2,1,1.0,True,295,0.5657139420509338,2.3033905029296875
1174,c3,0,0.0,False,294,0.5657139420509338,2.3813929557800293
1192,c1,1,1.0,True,9,0.8900846242904663,1.9206161499023438
1192,c2,1,1.0,True,2,0.0,1.7717792987823486
1192,c3,0,0.0,False,1,0.0,1.8095698356628418
1210,c1,1,1.0,True,310,0.8335721492767334,3.03696346282959
1210,c2,1,1.0,True,310,0.780406653881073,2.8975348472595215
1210,c3,0,0.0,False,309,0.780406653881073,2.8332104682922363
1245,c1,1,1.0,True,61,0.9424707889556885,2.364159345626831
1245,c2,1,1.0,True,47,0.5951095223426819,2.023923873901367
1245,c3,1,1.0,True,47,0.5951095223426819,2.024420738220215
1284,c1,1,1.0,True,49,0.8487729430198669,1.563460111618042
1284,c2,1,1.0,True,49,0.7694371938705444,1.5185706615447998
1284,c3,1,1.0,True,49,0.7694371938705444,1.508213758468628
1306,c1,1,1.0,True,175,0.7058321833610535,14.97462010383606
1306,c2,1,1.0,True,175,0.6658083200454712,12.668745040893555
1306,c3,0,0.0,False,174,0.6658083200454712,11.648102045059204
1347,c1,1,1.0,True,44,0.8883509039878845,2.4998323917388916
1347,c2,1,1.0,True,44,0.8047614693641663,2.498922348022461
1347,c3,0,0.0,False,43,0.8047614693641663,2.4835426807403564
1389,c1,2,0.5,True,159,0.7317048907279968,12.74778127670288
1389,c2,2,0.5,True,159,0.7317048907279968,13.089895009994507
1389,c3,0,0.0,False,158,0.7317048907279968,12.033715009689331
1393,c1,1,1.0,True,372,0.8755007386207581,8.281805276870728
1393,c2,1,1.0,True,319,0.846889853477478,6.026970624923706
1393,c3,0,0.0,False,318,0.846889853477478,6.091724872589111
1464,c1,1,1.0,True,58,0.8034827709197998,1.6977183818817139
1464,c2,1,1.0,True,49,0.6634469628334045,1.5744047164916992
1464,c3,0,0.0,False,48,0.6634469628334045,1.5443570613861084
1478,c1,1,1.0,True,193,0.8991310596466064,4.2192888259887695
1478,c2,1,1.0,True,152,0.6786729097366333,3.077090263366699
1478,c3,0,0.0,False,151,0.6786729097366333,3.039316177368164
1486,c1,1,1.0,True,196,0.9203148484230042,6.319089889526367
1486,c2,1,1.0,True,176,0.8626450300216675,4.448325872421265
1486,c3,1,1.0,True,176,0.8626450300216675,4.584658861160278
1491,c1,1,1.0,True,83,0.846362292766571,2.0703442096710205
1491,c2,1,1.0,True,83,0.5737640261650085,2.0463523864746094
1491,c3,0,0.0,False,82,0.5737640261650085,1.9627833366394043
1515,c1,2,0.5,True,151,0.7665177583694458,3.7733922004699707
1515,c2,1,1.0,True,119,0.6449609994888306,2.6679818630218506
1515,c3,0,0.0,False,118,0.6449609994888306,2.716381788253784
1522,c1,1,1.0,True,86,0.8914928436279297,2.3671858310699463
1522,c2,1,1.0,True,80,0.3803179860115051,2.1064703464508057
1522,c3,1,1.0,True,80,0.3803179860115051,2.1073083877563477
1539,c1,1,1.0,True,172,0.7807089686393738,3.9331536293029785
1539,c2,1,1.0,True,172,0.7383505702018738,3.474026918411255
1539,c3,0,0.0,False,171,0.7383505702018738,3.461881160736084
1541,c1,1,1.0,True,142,0.9307462573051453,4.098699569702148
1541,c2,1,1.0,True,133,0.6355217695236206,3.265179395675659
1541,c3,1,1.0,True,133,0.6355217695236206,3.230128765106201
1543,c1,1,1.0,True,71,0.8666775822639465,3.1018261909484863
1543,c2,1,1.0,True,60,0.5419004559516907,2.7123091220855713
1543,c3,1,1.0,True,60,0.5419004559516907,2.630512237548828
1578,c1,1,1.0,True,71,0.8474470376968384,1.9992589950561523
1578,c2,1,1.0,True,67,0.7844637036323547,1.8405652046203613
1578,c3,1,1.0,True,67,0.7844637036323547,1.8484020233154297
1579,c1,2,0.5,True,15,0.9561444520950317,1.8879282474517822
1579,c2,1,1.0,True,15,0.16754364967346191,1.8780665397644043
1579,c3,0,0.0,False,14,0.16754364967346191,1.853985071182251
1586,c1,1,1.0,True,31,0.9027457237243652,1.621399164199829
1586,c2,1,1.0,True,27,0.5548136234283447,1.5845005512237549
1586,c3,0,0.0,False,26,0.5548136234283447,1.655479907989502
1596,c1,1,1.0,True,115,0.9131141901016235,4.632546424865723
1596,c2,1,1.0,True,69,0.003986511379480362,2.3828952312469482
1596,c3,1,1.0,True,69,0.003986511379480362,2.5049731731414795
1597,c1,1,1.0,True,125,0.6780765652656555,24.138405561447144
1597,c2,1,1.0,True,125,0.5760168433189392,18.023605346679688
1597,c3,0,0.0,False,124,0.5760168433189392,17.28980565071106
1605,c1,1,1.0,True,80,0.8011564016342163,2.136101722717285
1605,c2,1,1.0,True,80,0.7303810715675354,2.1108052730560303
1605,c3,0,0.0,False,79,0.7303810715675354,2.0929818153381348
1614,c1,1,1.0,True,43,0.9492253661155701,0.46791768074035645
1614,c2,1,1.0,True,43,0.266370952129364,0.48586416244506836
1614,c3,1,1.0,True,43,0.266370952129364,0.48699259757995605
1666,c1,1,1.0,True,34,0.8826176524162292,1.8258390426635742
1666,c2,1,1.0,True,29,0.8473511338233948,1.7140188217163086
1666,c3,5,0.2,True,29,0.8473511338233948,1.683699607849121
1668,c1,1,1.0,True,22,0.46036335825920105,2.7622880935668945
1668,c2,1,1.0,True,14,0.2654972970485687,2.383460760116577
1668,c3,0,0.0,False,13,0.2654972970485687,2.4369542598724365
1688,c1,1,1.0,True,73,0.898027777671814,54.632333755493164
1688,c2,1,1.0,True,64,0.0,28.304985523223877
1688,c3,0,0.0,False,63,0.0,27.54871129989624
1700,c1,1,1.0,True,73,0.9389110207557678,4.173169374465942
1700,c2,1,1.0,True,15,0.8603284955024719,2.7264795303344727
1700,c3,0,0.0,False,14,0.8603284955024719,2.694758653640747
1715,c1,1,1.0,True,141,0.8691587448120117,5.449258089065552
1715,c2,1,1.0,True,147,0.7759432792663574,4.101940870285034
1715,c3,1,1.0,True,147,0.7759432792663574,3.9565372467041016
1725,c1,1,1.0,True,182,0.8898167610168457,2.5306081771850586
1725,c2,1,1.0,True,173,0.7695723176002502,2.0619733333587646
1725,c3,1,1.0,True,173,0.7695723176002502,2.190800666809082
1732,c1,1,1.0,True,18,0.7460443377494812,1.874082326889038
1732,c2,1,1.0,True,18,0.42880943417549133,1.868964672088623
1732,c3,0,0.0,False,17,0.42880943417549133,1.8463516235351562
1742,c1,1,1.0,True,27,0.8090968728065491,1.8325574398040771
1742,c2,1,1.0,True,20,0.4565563201904297,1.7263705730438232
1742,c3,0,0.0,False,19,0.4565563201904297,1.6620533466339111
1757,c1,1,1.0,True,106,0.858232855796814,1.0940093994140625
1757,c2,1,1.0,True,106,0.7677249312400818,0.8198268413543701
1757,c3,0,0.0,False,105,0.7677249312400818,0.8551914691925049
1761,c1,1,1.0,True,98,0.8148036599159241,3.462001323699951
1761,c2,1,1.0,True,98,0.8034000992774963,3.1677567958831787
1761,c3,1,1.0,True,98,0.8034000992774963,3.0783143043518066
1772,c1,1,1.0,True,270,0.9044244289398193,3.6470680236816406
1772,c2,1,1.0,True,271,0.6735308766365051,3.3995933532714844
1772,c3,1,1.0,True,271,0.6735308766365051,3.283224105834961
1779,c1,1,1.0,True,145,0.8771448731422424,3.4881019592285156
1779,c2,1,1.0,True,90,0.4862886965274811,2.568392276763916
1779,c3,0,0.0,False,89,0.4862886965274811,2.5737857818603516
1781,c1,1,1.0,True,19,0.8993121981620789,1.5075058937072754
1781,c2,1,1.0,True,19,0.726670503616333,1.4149272441864014
1781,c3,0,0.0,False,18,0.726670503616333,1.4255948066711426
1783,c1,1,1.0,True,56,0.8910072445869446,2.4403107166290283
1783,c2,1,1.0,True,55,0.447033166885376,2.3098490238189697
1783,c3,0,0.0,False,54,0.447033166885376,2.2776553630828857
1824,c1,1,1.0,True,311,0.9208158254623413,6.1806113719940186
1824,c2,1,1.0,True,284,0.8677903413772583,4.816986799240112
1824,c3,3,0.3333333333333333,True,284,0.8677903413772583,4.822709083557129
1861,c1,1,1.0,True,122,0.8621224164962769,5.327498435974121
1861,c2,1,1.0,True,94,0.5188453793525696,4.1919896602630615
1861,c3,2,0.5,True,94,0.5188453793525696,4.1694581508636475
1874,c1,1,1.0,True,350,0.9342151284217834,3.9645984172821045
1874,c2,1,1.0,True,350,0.6367864608764648,3.3509693145751953
1874,c3,1,1.0,True,350,0.6367864608764648,3.2793567180633545
1878,c1,1,1.0,True,5,0.894399106502533,1.610456943511963
1878,c2,1,1.0,True,5,0.0,1.620652198791504
1878,c3,0,0.0,False,4,0.0,1.6121742725372314
1879,c1,1,1.0,True,198,0.8364048600196838,2.4173085689544678
1879,c2,1,1.0,True,184,0.26772063970565796,1.9783108234405518
1879,c3,0,0.0,False,183,0.26772063970565796,2.036508798599243
1913,c1,1,1.0,True,148,0.8384451270103455,3.9706175327301025
1913,c2,1,1.0,True,143,0.7117102146148682,3.4245495796203613
1913,c3,0,0.0,False,142,0.7117102146148682,3.3562631607055664
1914,c1,1,1.0,True,81,0.8685840964317322,4.086284637451172
1914,c2,1,1.0,True,45,0.6402634978294373,5.59414529800415
1914,c3,1,1.0,True,45,0.6402634978294373,5.408959627151489
1950,c1,1,1.0,True,33,0.8455520868301392,1.2948274612426758
1950,c2,1,1.0,True,27,0.48822107911109924,1.1842341423034668
1950,c3,0,0.0,False,26,0.48822107911109924,1.1502783298492432
1959,c1,1,1.0,True,81,0.8499292731285095,2.5739383697509766
1959,c2,1,1.0,True,22,0.5083886981010437,0.4426004886627197
1959,c3,1,1.0,True,22,0.5083886981010437,0.4596433639526367
2011,c1,1,1.0,True,28,0.9348559975624084,2.172048568725586
2011,c2,1,1.0,True,28,0.4437228739261627,2.026859760284424
2011,c3,1,1.0,True,28,0.4437228739261627,2.046462059020996
2013,c1,1,1.0,True,9,0.8533667325973511,1.1561076641082764
2013,c2,1,1.0,True,12,0.16626061499118805,1.1348052024841309
2013,c3,0,0.0,False,11,0.16626061499118805,1.1179625988006592
2029,c1,1,1.0,True,199,0.9125331044197083,5.340959548950195
2029,c2,1,1.0,True,185,0.5389810800552368,2.6302664279937744
2029,c3,1,1.0,True,185,0.5389810800552368,2.7227842807769775
2035,c1,1,1.0,True,28,0.7866829037666321,1.810868501663208
2035,c2,1,1.0,True,28,0.591485857963562,1.7571969032287598
2035,c3,1,1.0,True,28,0.591485857963562,1.7372486591339111
2040,c1,1,1.0,True,345,0.8583133816719055,7.273839950561523
2040,c2,1,1.0,True,342,0.5382463335990906,5.717439889907837
2040,c3,1,1.0,True,342,0.5382463335990906,5.586460590362549
2056,c1,1,1.0,True,129,0.608190655708313,2.389059543609619
2056,c2,1,1.0,True,128,0.608190655708313,2.3328723907470703
2056,c3,1,1.0,True,128,0.34559863805770874,2.4314351081848145
2116,c1,11,0.09090909090909091,True,504,0.6768201589584351,5.878546714782715
2116,c2,3,0.3333333333333333,True,504,0.6768201589584351,4.92096734046936
2116,c3,0,0.0,False,503,0.6768201589584351,4.897208213806152
2159,c1,1,1.0,True,54,0.8703146576881409,1.614440679550171
2159,c2,1,1.0,True,54,0.7746157050132751,1.6802327632904053
2159,c3,1,1.0,True,54,0.7746157050132751,1.7296936511993408
2166,c1,1,1.0,True,77,0.8416074514389038,42.911733627319336
2166,c2,1,1.0,True,82,0.015463841147720814,40.570669174194336
2166,c3,1,1.0,True,82,0.015463841147720814,40.33463954925537
2177,c1,1,1.0,True,93,0.8728817701339722,2.72695255279541
2177,c2,1,1.0,True,84,0.6446136236190796,2.4705255031585693
2177,c3,0,0.0,False,83,0.6446136236190796,2.3928020000457764
2194,c1,1,1.0,True,38,0.8904488682746887,2.121182441711426
2194,c2,1,1.0,True,29,0.3585696220397949,1.6181657314300537
2194,c3,0,0.0,False,28,0.3585696220397949,1.5955066680908203
2216,c1,1,1.0,True,125,0.8946675658226013,2.745267152786255
2216,c2,1,1.0,True,123,0.6514807939529419,2.5063679218292236
2216,c3,0,0.0,False,122,0.6514807939529419,2.5420339107513428
2257,c1,1,1.0,True,279,0.9159313440322876,5.350922107696533
2257,c2,1,1.0,True,243,0.8450185656547546,3.987159013748169
2257,c3,1,1.0,True,243,0.8450185656547546,3.9521682262420654
2266,c1,1,1.0,True,74,0.8320822715759277,3.3246166706085205
2266,c2,1,1.0,True,32,0.24119128286838531,2.0034162998199463
2266,c3,0,0.0,False,31,0.24119128286838531,2.014451265335083
2272,c1,1,1.0,True,62,0.9266502261161804,2.390695571899414
2272,c2,1,1.0,True,35,0.7949503064155579,1.8378913402557373
2272,c3,0,0.0,False,34,0.7949503064155579,1.7541768550872803
2294,c1,1,1.0,True,180,0.7610677480697632,4.426086902618408
2294,c2,1,1.0,True,126,0.4100174009799957,2.4367003440856934
2294,c3,0,0.0,False,125,0.4100174009799957,2.452857732772827
2299,c1,1,1.0,True,336,0.8972713351249695,3.763606548309326
2299,c2,1,1.0,True,282,0.4140147566795349,2.7370762825012207
2299,c3,0,0.0,False,281,0.4140147566795349,2.795531988143921
2312,c1,1,1.0,True,21,0.8969608545303345,1.636519193649292
2312,c2,1,1.0,True,21,0.2474493831396103,1.6861016750335693
2312,c3,0,0.0,False,20,0.2474493831396103,1.6459410190582275
2324,c1,1,1.0,True,111,0.8989551663398743,2.923910140991211
2324,c2,1,1.0,True,98,0.7685400247573853,2.6141679286956787
2324,c3,0,0.0,False,97,0.7685400247573853,2.60233736038208
2335,c1,1,1.0,True,157,0.9298820495605469,3.693011999130249
2335,c2,1,1.0,True,110,0.5032113790512085,2.8552236557006836
2335,c3,1,1.0,True,110,0.5032113790512085,2.7509617805480957
2363,c1,1,1.0,True,48,0.9622235298156738,2.1317574977874756
2363,c2,1,1.0,True,43,0.5881462693214417,1.8108558654785156
2363,c3,0,0.0,False,42,0.5881462693214417,1.8420283794403076
2380,c1,1,1.0,True,141,0.9008679986000061,2.4023308753967285
2380,c2,1,1.0,True,123,0.8806715607643127,2.0264811515808105
2380,c3,0,0.0,False,122,0.8806715607643127,2.0685677528381348
2382,c1,1,1.0,True,125,0.8841188549995422,2.2537803649902344
2382,c2,1,1.0,True,96,0.8082485795021057,1.8402152061462402
2382,c3,0,0.0,False,95,0.8082485795021057,1.8023312091827393
2383,c1,1,1.0,True,126,0.8700014352798462,3.837449789047241
2383,c2,1,1.0,True,131,0.6305736899375916,3.7871665954589844
2383,c3,1,1.0,True,131,0.6305736899375916,3.432368755340576
2470,c1,1,1.0,True,48,0.9052903652191162,1.7452034950256348
2470,c2,1,1.0,True,48,0.9033021330833435,1.6810622215270996
2470,c3,0,0.0,False,47,0.9033021330833435,1.7023952007293701
2480,c1,1,1.0,True,40,0.8065212965011597,2.30729079246521
2480,c2,1,1.0,True,40,0.6585957407951355,2.2873873710632324
2480,c3,0,0.0,False,39,0.6585957407951355,2.284496784210205
2486,c1,1,1.0,True,390,0.868972897529602,4.386880397796631
2486,c2,1,1.0,True,403,0.7486155033111572,3.9434456825256348
2486,c3,0,0.0,False,402,0.7486155033111572,3.7003979682922363
2511,c1,1,1.0,True,64,0.8372318148612976,2.429664134979248
2511,c2,1,1.0,True,50,0.4651067852973938,2.2531750202178955
2511,c3,0,0.0,False,49,0.4651067852973938,2.2027556896209717
2538,c1,1,1.0,True,18,0.920033872127533,1.658761978149414
2538,c2,1,1.0,True,18,0.4825182855129242,1.6248786449432373
2538,c3,0,0.0,False,17,0.4825182855129242,1.6405682563781738
185538,c1,1,1.0,True,23,0.8801655769348145,0.5385870933532715
185538,c2,1,1.0,True,14,0.0,0.5004160404205322
185538,c3,0,0.0,False,13,0.0,0.49617433547973633
186508,c1,1,1.0,True,18,0.8967034220695496,0.9478654861450195
186508,c2,1,1.0,True,18,0.8399417996406555,0.7811756134033203
186508,c3,1,1.0,True,18,0.8399417996406555,0.8012945652008057
187353,c1,3,0.3333333333333333,True,22,0.2526225745677948,1.5852246284484863
187353,c2,1,1.0,True,22,0.2526225745677948,1.5842692852020264
187353,c3,0,0.0,False,21,0.2526225745677948,1.5900554656982422
187457,c1,1,1.0,True,57,0.7791693806648254,5.362820386886597
187457,c2,1,1.0,True,57,0.7791693806648254,5.237076282501221
187457,c3,0,0.0,False,56,0.7791693806648254,5.2791736125946045
188083,c1,1,1.0,True,186,0.9053877592086792,45.009249687194824
188083,c2,2,0.5,True,155,0.7197410464286804,31.035145044326782
188083,c3,0,0.0,False,154,0.7197410464286804,30.68055534362793
189454,c1,1,1.0,True,124,0.4828767776489258,24.238405466079712
189454,c2,1,1.0,True,64,0.4828767776489258,11.030330181121826
189454,c3,0,0.0,False,63,0.4828767776489258,10.947357416152954
189702,c1,1,1.0,True,309,0.8231126666069031,5.0402748584747314
189702,c2,1,1.0,True,302,0.5492663979530334,4.272381067276001
189702,c3,2,0.5,True,302,0.5492663979530334,4.330661773681641
189762,c1,1,1.0,True,133,0.903462827205658,5.709773302078247
189762,c2,1,1.0,True,94,0.5729947090148926,3.6132397651672363
189762,c3,1,1.0,True,94,0.5729947090148926,3.676609516143799
189849,c1,1,1.0,True,250,0.8562092781066895,2.9584975242614746
189849,c2,3,0.3333333333333333,True,250,0.5940350294113159,2.8632259368896484
189849,c3,0,0.0,False,249,0.5940350294113159,2.8768348693847656
190200,c1,1,1.0,True,118,0.8523860573768616,3.3318734169006348
190200,c2,1,1.0,True,62,0.8201586008071899,2.148318290710449
190200,c3,0,0.0,False,61,0.8201586008071899,2.233426094055176
191103,c1,1,1.0,True,74,0.8903562426567078,2.2457568645477295
191103,c2,1,1.0,True,60,0.5973091125488281,2.017935037612915
191103,c3,0,0.0,False,59,0.5973091125488281,1.972276210784912
191661,c1,1,1.0,True,182,0.848226010799408,3.4320483207702637
191661,c2,1,1.0,True,182,0.6651546955108643,3.2111573219299316
191661,c3,1,1.0,True,182,0.6651546955108643,3.149549722671509
191707,c1,1,1.0,True,193,0.9342570900917053,12.99402379989624
191707,c2,1,1.0,True,149,0.4605705440044403,3.005687952041626
191707,c3,1,1.0,True,149,0.4605705440044403,2.929300308227539
192138,c1,1,1.0,True,187,0.8097574710845947,6.572409391403198
192138,c2,1,1.0,True,187,0.7528133988380432,5.73975396156311
192138,c3,1,1.0,True,186,0.7528133988380432,5.281435251235962
192163,c1,1,1.0,True,198,0.9108548760414124,75.16543984413147
192163,c2,1,1.0,True,198,0.7868900895118713,74.87479567527771
192163,c3,2,0.5,True,197,0.7868900895118713,74.39820408821106
192612,c1,1,1.0,True,291,0.8426724076271057,3.795761823654175
192612,c2,25,0.04,True,256,0.7827910780906677,3.143580436706543
192612,c3,0,0.0,False,255,0.7827910780906677,3.154822826385498
193761,c1,1,1.0,True,68,0.6549986004829407,1.7848620414733887
193761,c2,1,1.0,True,68,0.6549986004829407,1.8375859260559082
193761,c3,0,0.0,False,67,0.6549986004829407,1.7512538433074951
194018,c1,1,1.0,True,70,0.7654369473457336,1.2332580089569092
194018,c2,1,1.0,True,45,0.38963475823402405,0.651923656463623
194018,c3,0,0.0,False,44,0.38963475823402405,0.6742510795593262
195390,c1,1,1.0,True,223,0.8715418577194214,3.523674488067627
195390,c2,2,0.5,True,232,0.37254422903060913,3.1815452575683594
195390,c3,0,0.0,False,231,0.37254422903060913,2.90386962890625
195884,c1,1,1.0,True,33,0.9384828209877014,9.366031408309937
195884,c2,1,1.0,True,21,0.0,5.52838921546936
195884,c3,1,1.0,True,21,0.0,5.645666599273682
196237,c1,1,1.0,True,161,0.8243260979652405,12.298206090927124
196237,c2,1,1.0,True,161,0.7379079461097717,10.566400289535522
196237,c3,3,0.3333333333333333,True,160,0.7379079461097717,9.580329179763794
196271,c1,1,1.0,True,158,0.8386419415473938,3.7822320461273193
196271,c2,1,1.0,True,111,0.6019428372383118,2.7084622383117676
196271,c3,0,0.0,False,110,0.6019428372383118,2.681504964828491
196352,c1,1,1.0,True,84,0.7033487558364868,56.36866116523743
196352,c2,1,1.0,True,24,0.0,0.25258588790893555
196352,c3,0,0.0,False,23,0.0,0.24936652183532715
197157,c1,1,1.0,True,81,0.865827202796936,2.0117015838623047
197157,c2,1,1.0,True,69,0.2169949859380722,1.8161342144012451
197157,c3,0,0.0,False,68,0.2169949859380722,1.82747220993042
197560,c1,1,1.0,True,194,0.8857221603393555,3.426222085952759
197560,c2,1,1.0,True,186,0.6443535685539246,2.971324920654297
197560,c3,0,0.0,False,185,0.6443535685539246,2.8882575035095215
198043,c1,1,1.0,True,174,0.7796443104743958,4.092960596084595
198043,c2,1,1.0,True,174,0.7796443104743958,3.5542047023773193
198043,c3,0,0.0,False,173,0.7796443104743958,3.636845111846924
198392,c1,1,1.0,True,130,0.9239016771316528,19.29560375213623
198392,c2,1,1.0,True,90,0.816545844078064,16.552414894104004
198392,c3,5,0.2,True,90,0.816545844078064,16.670573234558105
198457,c1,1,1.0,True,20,0.7338334321975708,1.137683629989624
198457,c2,1,1.0,True,20,0.5817807912826538,1.1069977283477783
198457,c3,1,1.0,True,20,0.5817807912826538,1.1210906505584717
198686,c1,1,1.0,True,205,0.8284806609153748,30.295932054519653
198686,c2,1,1.0,True,164,0.7521183490753174,20.18865203857422
198686,c3,1,1.0,True,164,0.7521183490753174,19.775927543640137
198794,c1,1,1.0,True,95,0.826158344745636,2.0972118377685547
198794,c2,1,1.0,True,82,0.5587226152420044,1.7013447284698486
198794,c3,0,0.0,False,81,0.5587226152420044,1.7184293270111084
199711,c1,1,1.0,True,66,0.7049046754837036,2.8963215351104736
199711,c2,1,1.0,True,6,0.2724248468875885,0.2575228214263916
199711,c3,0,0.0,False,5,0.2724248468875885,0.253542423248291
201189,c1,2,0.5,True,310,0.9415581822395325,36.61076903343201
201189,c2,1,1.0,True,310,0.9415581822395325,35.369226694107056
201189,c3,2,0.5,True,310,0.9415581822395325,35.523828983306885
201321,c1,2,0.5,True,94,0.8352187871932983,2.7057924270629883
201321,c2,2,0.5,True,94,0.5132108926773071,2.677147150039673
201321,c3,0,0.0,False,93,0.5132108926773071,2.750180244445801
201971,c1,1,1.0,True,34,0.8920124173164368,1.948613166809082
201971,c2,1,1.0,True,34,0.5119342803955078,1.9225053787231445
201971,c3,1,1.0,True,34,0.5119342803955078,1.980234146118164
202046,c1,1,1.0,True,101,0.8043670654296875,2.583621025085449
202046,c2,1,1.0,True,101,0.8043670654296875,2.6223959922790527
202046,c3,0,0.0,False,100,0.8043670654296875,2.5167503356933594
202535,c1,1,1.0,True,125,0.792722761631012,2.4541914463043213
202535,c2,1,1.0,True,125,0.5346305966377258,2.3975038528442383
202535,c3,0,0.0,False,124,0.5346305966377258,2.4949710369110107
202577,c1,1,1.0,True,43,0.6623551845550537,1.899613618850708
202577,c2,1,1.0,True,43,0.5590736865997314,1.8927886486053467
202577,c3,0,0.0,False,42,0.5590736865997314,1.8938877582550049
202772,c1,2,0.5,True,37,0.662675678730011,0.8361475467681885
202772,c2,2,0.5,True,37,0.18532457947731018,0.7004685401916504
202772,c3,0,0.0,False,36,0.18532457947731018,0.7083721160888672
202966,c1,1,1.0,True,175,0.8629422783851624,6.520857095718384
202966,c2,1,1.0,True,175,0.8409513831138611,4.8071513175964355
202966,c3,0,0.0,False,174,0.8409513831138611,4.783398389816284
203353,c1,1,1.0,True,27,0.6123654246330261,1.493107557296753
203353,c2,1,1.0,True,27,0.6123654246330261,1.4813597202301025
203353,c3,0,0.0,False,26,0.6123654246330261,1.5683472156524658
204490,c1,2,0.5,True,102,0.8043670654296875,1.997201919555664
204490,c2,1,1.0,True,102,0.8043670654296875,1.9875469207763672
204490,c3,0,0.0,False,101,0.8043670654296875,1.9442543983459473
204553,c1,1,1.0,True,192,0.8918427228927612,4.209429025650024
204553,c2,1,1.0,True,169,0.807304859161377,3.3305680751800537
204553,c3,2,0.5,True,169,0.807304859161377,3.300096273422241
204863,c1,1,1.0,True,137,0.8604663014411926,5.045181512832642
204863,c2,1,1.0,True,86,0.48782864212989807,3.4520788192749023
204863,c3,1,1.0,True,86,0.48782864212989807,3.5260770320892334
204949,c1,1,1.0,True,188,0.8999996781349182,2.4893102645874023
204949,c2,1,1.0,True,177,0.6695599555969238,2.134523630142212
204949,c3,0,0.0,False,176,0.6695599555969238,2.1154043674468994
205273,c1,1,1.0,True,175,0.8895143270492554,4.491258859634399
205273,c2,1,1.0,True,124,0.3302980959415436,3.2723677158355713
205273,c3,1,1.0,True,124,0.3302980959415436,3.296236038208008
207058,c1,2,0.5,True,157,0.8461437225341797,6.799178600311279
207058,c2,2,0.5,True,145,0.7807313203811646,5.80626106262207
207058,c3,0,0.0,False,144,0.7807313203811646,5.71857213973999
207914,c1,1,1.0,True,254,0.8921929597854614,4.515106439590454
207914,c2,1,1.0,True,247,0.844240665435791,3.5937812328338623
207914,c3,1,1.0,True,247,0.844240665435791,3.530193328857422
208097,c1,1,1.0,True,45,0.9395553469657898,1.7638959884643555
208097,c2,1,1.0,True,45,0.3313910961151123,1.8212075233459473
208097,c3,0,0.0,False,44,0.3313910961151123,1.8093304634094238
209513,c1,1,1.0,True,154,0.8540424704551697,3.3237156867980957
209513,c2,1,1.0,True,146,0.42136597633361816,3.0196263790130615
209513,c3,0,0.0,False,145,0.42136597633361816,3.0582213401794434
209591,c1,1,1.0,True,169,0.9540382027626038,3.1872711181640625
209591,c2,1,1.0,True,151,0.8372135162353516,2.536543846130371
209591,c3,1,1.0,True,151,0.8372135162353516,2.618551731109619
210921,c1,1,1.0,True,305,0.8891988396644592,54.17283058166504
210921,c2,1,1.0,True,305,0.8891988396644592,51.62288022041321
210921,c3,0,0.0,False,304,0.8891988396644592,51.06793403625488
212927,c1,1,1.0,True,217,0.915706217288971,3.089480400085449
212927,c2,1,1.0,True,208,0.3945237100124359,2.8962109088897705
212927,c3,1,1.0,True,208,0.3945237100124359,2.7814271450042725
213837,c1,1,1.0,True,262,0.9197829365730286,3.527324676513672
213837,c2,1,1.0,True,225,0.4239007234573364,2.6610941886901855
213837,c3,0,0.0,False,224,0.4239007234573364,2.6316046714782715
214143,c1,1,1.0,True,172,0.9411810636520386,6.2879743576049805
214143,c2,1,1.0,True,154,0.9411810636520386,5.06221079826355
214143,c3,0,0.0,False,153,0.9411810636520386,5.037755727767944
214580,c1,1,1.0,True,76,0.934035062789917,42.63250541687012
214580,c2,1,1.0,True,76,0.7023499011993408,42.3310763835907
214580,c3,0,0.0,False,75,0.7023499011993408,42.19239163398743
214643,c1,1,1.0,True,76,0.9060735702514648,1.8766286373138428
214643,c2,1,1.0,True,70,0.8029441237449646,1.8152244091033936
214643,c3,1,1.0,True,70,0.8029441237449646,1.6456851959228516
215238,c1,2,0.5,True,34,0.8575654029846191,3.955190658569336
215238,c2,1,1.0,True,15,0.39469724893569946,1.9965062141418457
215238,c3,0,0.0,False,14,0.39469724893569946,2.066499710083008
215277,c1,4,0.25,True,150,0.8409050703048706,2.0669748783111572
215277,c2,1,1.0,True,150,0.7056264281272888,2.053123712539673
215277,c3,0,0.0,False,149,0.7056264281272888,2.0698697566986084
215414,c1,1,1.0,True,107,0.829435408115387,2.5942752361297607
215414,c2,1,1.0,True,85,0.5507269501686096,2.1824707984924316
215414,c3,0,0.0,False,84,0.5507269501686096,2.178347587585449
215690,c1,1,1.0,True,80,0.6984150409698486,1.7837915420532227
215690,c2,1,1.0,True,77,0.6984150409698486,1.7129390239715576
215690,c3,0,0.0,False,76,0.6984150409698486,1.7597551345825195
215749,c1,1,1.0,True,339,0.8521894812583923,4.408358812332153
215749,c2,1,1.0,True,308,0.6257719397544861,3.696394920349121
215749,c3,1,1.0,True,308,0.6257719397544861,3.72029972076416
215872,c1,1,1.0,True,301,0.9346234798431396,23.929077863693237
215872,c2,1,1.0,True,301,0.8565565943717957,20.288350105285645
215872,c3,1,1.0,True,300,0.8565565943717957,20.111931800842285
216266,c1,1,1.0,True,106,0.5505179762840271,5.27198052406311
216266,c2,1,1.0,True,57,0.15928998589515686,2.8042404651641846
216266,c3,0,0.0,False,56,0.15928998589515686,2.8125669956207275
216351,c1,1,1.0,True,93,0.7468116283416748,5.256291389465332
216351,c2,1,1.0,True,85,0.37400293350219727,4.227414131164551
216351,c3,1,1.0,True,85,0.37400293350219727,4.367160320281982
216538,c1,1,1.0,True,311,0.8519238829612732,8.8988516330719
216538,c2,1,1.0,True,311,0.8519238829612732,8.672471046447754
216538,c3,1,1.0,True,311,0.8519238829612732,8.696850538253784
217402,c1,1,1.0,True,67,0.8436392545700073,2.8263161182403564
217402,c2,1,1.0,True,56,0.42538660764694214,2.525275230407715
217402,c3,0,0.0,False,55,0.42538660764694214,2.49733304977417
217948,c1,1,1.0,True,161,0.7745386362075806,8.09163212776184
217948,c2,1,1.0,True,161,0.7323525547981262,6.668912410736084
217948,c3,1,1.0,True,160,0.7323525547981262,6.264612674713135
218200,c1,1,1.0,True,261,0.9321156144142151,38.64314675331116
218200,c2,1,1.0,True,261,0.7481275796890259,36.856104612350464
218200,c3,1,1.0,True,260,0.7481275796890259,36.378741979599
218611,c1,2,0.5,True,28,0.8592134118080139,2.306838274002075
218611,c2,1,1.0,True,15,0.30336451530456543,2.0678110122680664
218611,c3,0,0.0,False,14,0.30336451530456543,2.000955820083618
218775,c1,1,1.0,True,162,0.7180135846138,3.216895818710327
218775,c2,1,1.0,True,154,0.6801844835281372,2.956918954849243
218775,c3,1,1.0,True,154,0.6801844835281372,2.897408962249756
219303,c1,1,1.0,True,28,0.891214907169342,1.8895635604858398
219303,c2,1,1.0,True,28,0.30111294984817505,1.8434081077575684
219303,c3,1,1.0,True,28,0.30111294984817505,1.8411951065063477
220359,c1,1,1.0,True,66,0.735731840133667,2.6099278926849365
220359,c2,1,1.0,True,66,0.39776256680488586,2.0777063369750977
220359,c3,1,1.0,True,66,0.39776256680488586,2.1681714057922363
220656,c1,1,1.0,True,106,0.8815362453460693,3.165001153945923
220656,c2,1,1.0,True,74,0.4109882116317749,2.5415070056915283
220656,c3,0,0.0,False,73,0.4109882116317749,2.5617454051971436
221749,c1,1,1.0,True,10,0.8048306703567505,1.271582841873169
221749,c2,1,1.0,True,10,0.4350966215133667,1.2038474082946777
221749,c3,0,0.0,False,9,0.4350966215133667,1.182701826095581
222418,c1,1,1.0,True,393,0.3357410132884979,3.646404266357422
222418,c2,1,1.0,True,393,0.3357410132884979,3.2666211128234863
222418,c3,0,0.0,False,392,0.3357410132884979,3.3080861568450928
223344,c1,1,1.0,True,172,0.9029315114021301,81.60269165039062
223344,c2,1,1.0,True,116,0.8739598989486694,41.74101948738098
223344,c3,0,0.0,False,115,0.8739598989486694,41.64038395881653
223421,c1,1,1.0,True,47,0.9198334217071533,2.4360156059265137
223421,c2,1,1.0,True,37,0.9198334217071533,2.1782772541046143
223421,c3,0,0.0,False,36,0.9198334217071533,2.190920829772949
223606,c1,1,1.0,True,53,0.8809541463851929,1.853182077407837
223606,c2,1,1.0,True,53,0.8353301882743835,1.768662452697754
223606,c3,0,0.0,False,52,0.8353301882743835,1.77767014503479
223917,c1,1,1.0,True,205,0.8678495287895203,5.993951320648193
223917,c2,1,1.0,True,205,0.8607708215713501,4.770633697509766
223917,c3,2,0.5,True,204,0.8607708215713501,4.536146879196167
224303,c1,1,1.0,True,137,0.9253001809120178,3.5877394676208496
224303,c2,1,1.0,True,77,0.4719001054763794,2.4918594360351562
224303,c3,0,0.0,False,76,0.4719001054763794,2.5077128410339355
224621,c1,1,1.0,True,121,0.8420899510383606,2.2275354862213135
224621,c2,1,1.0,True,117,0.6020638942718506,2.0892364978790283
224621,c3,0,0.0,False,116,0.6020638942718506,2.0675203800201416
225901,c1,1,1.0,True,92,0.905860424041748,22.353883266448975
225901,c2,1,1.0,True,82,0.7427675127983093,17.04997944831848
225901,c3,1,1.0,True,82,0.7427675127983093,16.997724056243896
226217,c1,1,1.0,True,98,0.825980007648468,4.401554822921753
226217,c2,1,1.0,True,58,0.254772812128067,3.2043638229370117
226217,c3,2,0.5,True,58,0.254772812128067,3.307666063308716
226536,c1,1,1.0,True,137,0.9462894201278687,3.5828609466552734
226536,c2,1,1.0,True,103,0.5776515603065491,2.5677409172058105
226536,c3,0,0.0,False,102,0.5776515603065491,2.5816662311553955
226899,c1,2,0.5,True,260,0.6099317669868469,2.2164878845214844
226899,c2,1,1.0,True,251,0.25131112337112427,1.850264072418213
226899,c3,1,1.0,True,251,0.25131112337112427,1.8271265029907227
226982,c1,2,0.5,True,11,0.8877973556518555,1.8580665588378906
226982,c2,1,1.0,True,3,0.7175226807594299,1.7420525550842285
226982,c3,0,0.0,False,2,0.7175226807594299,1.637956142425537
227366,c1,1,1.0,True,115,0.8907694220542908,2.330950975418091
227366,c2,1,1.0,True,115,0.20818865299224854,2.2976162433624268
227366,c3,1,1.0,True,115,0.20818865299224854,2.313152551651001
227751,c1,1,1.0,True,249,0.9147641658782959,4.521109580993652
227751,c2,1,1.0,True,249,0.9147641658782959,4.1774046421051025
227751,c3,1,1.0,True,249,0.9147641658782959,4.3770270347595215
229035,c1,1,1.0,True,64,0.7739456295967102,1.935131549835205
229035,c2,1,1.0,True,64,0.7739456295967102,2.0063576698303223
229035,c3,1,1.0,True,64,0.7739456295967102,2.0313987731933594
229257,c1,1,1.0,True,121,0.8086463809013367,3.3886542320251465
229257,c2,1,1.0,True,73,0.017468731850385666,2.254657030105591
229257,c3,1,1.0,True,73,0.017468731850385666,2.2809624671936035
229699,c1,1,1.0,True,135,0.6518495678901672,1.6213173866271973
229699,c2,1,1.0,True,135,0.3170818090438843,1.5965173244476318
229699,c3,0,0.0,False,134,0.3170818090438843,1.635951280593872
230463,c1,1,1.0,True,33,0.8639233708381653,1.7249794006347656
230463,c2,1,1.0,True,7,0.0,0.44226741790771484
230463,c3,0,0.0,False,6,0.0,0.430159330368042
230852,c1,1,1.0,True,77,0.8419413566589355,2.5977532863616943
230852,c2,1,1.0,True,77,0.6794388890266418,2.0935466289520264
230852,c3,0,0.0,False,76,0.6794388890266418,2.148475170135498
232039,c1,1,1.0,True,69,0.759952962398529,0.9936339855194092
232039,c2,1,1.0,True,69,0.759952962398529,0.8895318508148193
232039,c3,1,1.0,True,69,0.759952962398529,0.9027500152587891
233055,c1,6,0.16666666666666666,True,438,0.7994663715362549,4.19525408744812
233055,c2,1,1.0,True,438,0.7994663715362549,3.9543051719665527
233055,c3,0,0.0,False,437,0.7994663715362549,3.847555637359619
233696,c1,1,1.0,True,253,0.6583244204521179,3.4458236694335938
233696,c2,1,1.0,True,211,0.6583244204521179,2.254342555999756
233696,c3,0,0.0,False,210,0.6583244204521179,2.1929101943969727
234392,c1,1,1.0,True,105,0.8068646788597107,3.2402260303497314
234392,c2,1,1.0,True,54,0.41869303584098816,1.9235742092132568
234392,c3,1,1.0,True,54,0.41869303584098816,2.0292012691497803
234475,c1,1,1.0,True,94,0.8358227610588074,1.7610769271850586
234475,c2,1,1.0,True,92,0.4812583923339844,1.6953198909759521
234475,c3,1,1.0,True,92,0.4812583923339844,1.7469215393066406
234520,c1,1,1.0,True,45,0.7009966969490051,2.644817590713501
234520,c2,1,1.0,True,45,0.6097491383552551,2.8039848804473877
234520,c3,0,0.0,False,44,0.6097491383552551,2.4856293201446533
234616,c1,5,0.2,True,56,0.7371963262557983,0.7264804840087891
234616,c2,5,0.2,True,56,0.7371963262557983,0.6555843353271484
234616,c3,0,0.0,False,55,0.4709535837173462,0.6645267009735107
234870,c1,1,1.0,True,123,0.9000503420829773,2.1675045490264893
234870,c2,1,1.0,True,123,0.9000503420829773,2.082066297531128
234870,c3,1,1.0,True,123,0.9000503420829773,2.0275583267211914
235527,c1,1,1.0,True,145,0.35772302746772766,1.0067565441131592
235527,c2,1,1.0,True,145,0.35772302746772766,0.9221847057342529
235527,c3,1,1.0,True,145,0.35772302746772766,0.9252743721008301
254337,c1,1,1.0,True,284,0.8677903413772583,4.030520915985107
254337,c2,1,1.0,True,284,0.8677903413772583,4.036397695541382
254337,c3,1,1.0,True,284,0.8677903413772583,3.9982686042785645
262181,c1,1,1.0,True,129,0.7071470022201538,2.985962152481079
262181,c2,1,1.0,True,91,0.30752432346343994,1.7403266429901123
262181,c3,1,1.0,True,91,0.30752432346343994,1.80348801612854
263724,c1,1,1.0,True,80,0.6816803812980652,3.624293804168701
263724,c2,4,0.25,True,54,0.3679717779159546,2.4655539989471436
263724,c3,0,0.0,False,53,0.3679717779159546,2.5306055545806885
